{
  "Total" : {
    "transaction" : "Total",
    "sampleCount" : 900,
    "errorCount" : 0,
    "errorPct" : 0.0,
    "meanResTime" : 1000.5122222222232,
    "medianResTime" : 1050.5,
    "minResTime" : 597.0,
    "maxResTime" : 1588.0,
    "pct1ResTime" : 1284.9,
    "pct2ResTime" : 1320.9499999999998,
    "pct3ResTime" : 1407.99,
    "throughput" : 6.037513081278343,
    "receivedKBytesPerSec" : 1.3619780486086885,
    "sentKBytesPerSec" : 0.9374654100813051
  },
  "Config Request 3" : {
    "transaction" : "Config Request 3",
    "sampleCount" : 300,
    "errorCount" : 0,
    "errorPct" : 0.0,
    "meanResTime" : 664.0400000000001,
    "medianResTime" : 645.0,
    "minResTime" : 597.0,
    "maxResTime" : 1106.0,
    "pct1ResTime" : 723.8000000000001,
    "pct2ResTime" : 783.6999999999999,
    "pct3ResTime" : 937.7600000000002,
    "throughput" : 2.020514961913293,
    "receivedKBytesPerSec" : 0.455799761915987,
    "sentKBytesPerSec" : 0.31373230365645854
  },
  "Config Request 1" : {
    "transaction" : "Config Request 1",
    "sampleCount" : 300,
    "errorCount" : 0,
    "errorPct" : 0.0,
    "meanResTime" : 1266.4033333333336,
    "medianResTime" : 1245.5,
    "minResTime" : 1193.0,
    "maxResTime" : 1588.0,
    "pct1ResTime" : 1341.9,
    "pct2ResTime" : 1392.95,
    "pct3ResTime" : 1491.92,
    "throughput" : 2.012504360426114,
    "receivedKBytesPerSec" : 0.45399268286956285,
    "sentKBytesPerSec" : 0.3124884700271017
  },
  "Config Request 2" : {
    "transaction" : "Config Request 2",
    "sampleCount" : 300,
    "errorCount" : 0,
    "errorPct" : 0.0,
    "meanResTime" : 1071.0933333333332,
    "medianResTime" : 1050.0,
    "minResTime" : 995.0,
    "maxResTime" : 1419.0,
    "pct1ResTime" : 1142.8000000000002,
    "pct2ResTime" : 1177.9,
    "pct3ResTime" : 1303.8200000000002,
    "throughput" : 2.0151539577623727,
    "receivedKBytesPerSec" : 0.45459039476866026,
    "sentKBytesPerSec" : 0.31289988211349345
  }
}