{
  "Total" : {
    "transaction" : "Total",
    "sampleCount" : 180,
    "errorCount" : 0,
    "errorPct" : 0.0,
    "meanResTime" : 959.6944444444443,
    "medianResTime" : 1014.5,
    "minResTime" : 578.0,
    "maxResTime" : 1382.0,
    "pct1ResTime" : 1223.0,
    "pct2ResTime" : 1252.75,
    "pct3ResTime" : 1292.8999999999996,
    "throughput" : 2.085674889633037,
    "receivedKBytesPerSec" : 0.47049892529807774,
    "sentKBytesPerSec" : 0.3238499096207548
  },
  "Config Request 3" : {
    "transaction" : "Config Request 3",
    "sampleCount" : 60,
    "errorCount" : 0,
    "errorPct" : 0.0,
    "meanResTime" : 637.6333333333332,
    "medianResTime" : 608.5,
    "minResTime" : 578.0,
    "maxResTime" : 1018.0,
    "pct1ResTime" : 725.7,
    "pct2ResTime" : 799.6999999999999,
    "pct3ResTime" : 1018.0,
    "throughput" : 2.111560795354566,
    "receivedKBytesPerSec" : 0.4763384216083055,
    "sentKBytesPerSec" : 0.32786930318493757
  },
  "Config Request 1" : {
    "transaction" : "Config Request 1",
    "sampleCount" : 60,
    "errorCount" : 0,
    "errorPct" : 0.0,
    "meanResTime" : 1216.733333333333,
    "medianResTime" : 1206.5,
    "minResTime" : 1176.0,
    "maxResTime" : 1382.0,
    "pct1ResTime" : 1264.5,
    "pct2ResTime" : 1271.0,
    "pct3ResTime" : 1382.0,
    "throughput" : 2.0649069071136044,
    "receivedKBytesPerSec" : 0.46581396049144785,
    "sentKBytesPerSec" : 0.32062519358502256
  },
  "Config Request 2" : {
    "transaction" : "Config Request 2",
    "sampleCount" : 60,
    "errorCount" : 0,
    "errorPct" : 0.0,
    "meanResTime" : 1024.7166666666667,
    "medianResTime" : 1013.0,
    "minResTime" : 985.0,
    "maxResTime" : 1121.0,
    "pct1ResTime" : 1091.7,
    "pct2ResTime" : 1104.0,
    "pct3ResTime" : 1121.0,
    "throughput" : 2.081382037673015,
    "receivedKBytesPerSec" : 0.46953051826412734,
    "sentKBytesPerSec" : 0.3231833437402435
  }
}