{
  "Total" : {
    "transaction" : "Total",
    "sampleCount" : 60,
    "errorCount" : 0,
    "errorPct" : 0.0,
    "meanResTime" : 637.6333333333333,
    "medianResTime" : 608.5,
    "minResTime" : 578.0,
    "maxResTime" : 1018.0,
    "pct1ResTime" : 725.7,
    "pct2ResTime" : 799.6999999999999,
    "pct3ResTime" : 1018.0,
    "throughput" : 2.111560795354566,
    "receivedKBytesPerSec" : 0.4763384216083055,
    "sentKBytesPerSec" : 0.32786930318493757
  },
  "Config Request 3" : {
    "transaction" : "Config Request 3",
    "sampleCount" : 60,
    "errorCount" : 0,
    "errorPct" : 0.0,
    "meanResTime" : 637.6333333333333,
    "medianResTime" : 608.5,
    "minResTime" : 578.0,
    "maxResTime" : 1018.0,
    "pct1ResTime" : 725.7,
    "pct2ResTime" : 799.6999999999999,
    "pct3ResTime" : 1018.0,
    "throughput" : 2.111560795354566,
    "receivedKBytesPerSec" : 0.4763384216083055,
    "sentKBytesPerSec" : 0.32786930318493757
  }
}