{
  "Total" : {
    "transaction" : "Total",
    "sampleCount" : 60,
    "errorCount" : 0,
    "errorPct" : 0.0,
    "meanResTime" : 1216.733333333333,
    "medianResTime" : 1206.5,
    "minResTime" : 1176.0,
    "maxResTime" : 1382.0,
    "pct1ResTime" : 1264.5,
    "pct2ResTime" : 1271.0,
    "pct3ResTime" : 1382.0,
    "throughput" : 2.0649069071136044,
    "receivedKBytesPerSec" : 0.46581396049144785,
    "sentKBytesPerSec" : 0.32062519358502256
  },
  "Config Request 1" : {
    "transaction" : "Config Request 1",
    "sampleCount" : 60,
    "errorCount" : 0,
    "errorPct" : 0.0,
    "meanResTime" : 1216.733333333333,
    "medianResTime" : 1206.5,
    "minResTime" : 1176.0,
    "maxResTime" : 1382.0,
    "pct1ResTime" : 1264.5,
    "pct2ResTime" : 1271.0,
    "pct3ResTime" : 1382.0,
    "throughput" : 2.0649069071136044,
    "receivedKBytesPerSec" : 0.46581396049144785,
    "sentKBytesPerSec" : 0.32062519358502256
  }
}